GENENAME,ID
b0002,P00561
b0003,P00547
b0004,P00934
b0006,P0A8I3
b0008,P0A870
b0009,P0AF03
b0014,P0A6Y8
b0015,P08622
b0023,P0A7U7
b0025,P0AG40
b0026,P00956
b0028,P0AEM0
b0029,P62623
b0030,P22564
b0031,P04036
b0032,P0A6F1
b0033,P00968
b0036,P31551
b0046,P0A754
b0047,P03819
b0048,P0ABQ4
b0049,P05637
b0050,P62672
b0051,P06992
b0052,P19624
b0053,P0ABZ6
b0054,P31554
b0055,P31680
b0058,P0AA37
b0059,P60240
b0062,P08202
b0068,P31550
b0071,P30126
b0072,P0A6A6
b0073,P30125
b0074,P09151
b0077,P00893
b0078,P00894
b0080,P0ACP1
b0081,P22186
b0082,P60390
b0083,P0AEN4
b0084,P0AD68
b0085,P22188
b0086,P11880
b0087,P0A6W3
b0088,P14900
b0090,P17443
b0091,P17952
b0092,P07862
b0094,P0ABH0
b0095,P0A9A6
b0096,P0A725
b0098,P10408
b0099,P08337
b0101,P0A8H8
b0102,P36680
b0103,P0A6I9
b0104,P60560
b0109,P30011
b0110,P13016
b0111,P0AE14
b0112,P15993
b0113,P0ACL9
b0114,P0AFG8
b0115,P06959
b0116,P0A9P0
b0118,P36683
b0119,P0A8E5
b0120,P0A7F6
b0121,P09158
b0122,P0AA95
b0123,P36649
b0124,P15877
b0125,P0A9M2
b0126,P61517
b0127,P36879
b0131,P0A790
b0133,P31663
b0134,P31057
b0142,P26281
b0143,P0ABF1
b0144,P27305
b0145,P0ABS1
b0146,P0A823
b0148,P37024
b0149,A0A7H2C765
b0150,P06971
b0151,P07821
b0152,P07822
b0154,P23893
b0156,P0ACC3
b0158,P37028
b0159,P0AF12
b0160,P15723
b0161,P0C0V0
b0162,P37047
b0163,P62768
b0166,P0A9D8
b0167,P27249
b0168,P0AE18
b0169,P0A7V0
b0170,P0A6P1
b0171,P0A7E9
b0172,P0A805
b0173,P45568
b0174,P60472
b0175,P0ABG1
b0176,P0AEH1
b0177,P0A940
b0178,P0AEU7
b0179,P21645
b0180,P0A6Q6
b0181,P0A722
b0182,P10441
b0183,P10442
b0184,P10443
b0185,P0ABD5
b0186,P52095
b0187,P52096
b0188,P52097
b0189,P0AFW8
b0190,P0AA97
b0192,P40710
b0194,P16659
b0195,P28634
b0196,P69411
b0197,P28635
b0198,P31547
b0199,P30750
b0200,P63228
b0207,P30863
b0208,P30864
b0209,P0A8U2
b0212,P0AC84
b0214,P0A7Y4
b0215,P03007
b0219,Q47679
b0220,P0AD59
b0221,Q47146
b0222,P63224
b0223,Q47147
b0224,P0AA99
b0226,Q47150
b0232,Q47156
b0237,P15288
b0238,P0A9M5
b0239,P04335
b0240,P24251
b0242,P0A7B5
b0243,P07004
b0256,P0CF88
b0259,P0CE49
b0260,Q47689
b0261,Q47690
b0268,P75682
b0271,P77713
b0272,P77300
b0273,P06960
b0281,P71298
b0287,P0AAA1
b0296,P0A7N1
b0304,P77212
b0306,P77252
b0308,P77433
b0312,P17445
b0315,P21514
b0321,P77221
b0324,P77554
b0325,P75691
b0329,P75694
b0331,P77541
b0333,P31660
b0334,P77243
b0336,P0AA82
b0337,P25524
b0345,P03023
b0346,P77569
b0350,P77608
b0351,P77580
b0352,P51020
b0354,P51024
b0355,P51025
b0356,P25437
b0357,P0AAP3
b0360,P0CF40
b0365,Q47537
b0368,P37610
b0369,P0ACB2
b0376,P0AD70
b0377,P0AFY6
b0378,P77562
b0381,P0A6J8
b0382,P0AAN9
b0384,P0AFM4
b0386,P0A9L8
b0387,P0A8D3
b0388,P0A6E1
b0389,P0AAN5
b0390,P0AE28
b0391,P0C037
b0393,P36767
b0394,P23917
b0397,P13458
b0398,P0AG76
b0399,P0AFJ5
b0403,P21517
b0404,P21515
b0405,P0A7F9
b0406,P0A847
b0407,P0ADZ7
b0408,P0AG90
b0409,P0AG93
b0410,P0AAQ2
b0411,P0A927
b0412,P46122
b0413,P0A8D0
b0414,P25539
b0415,P61714
b0416,P0A780
b0417,P0AGG0
b0419,P77735
b0420,P77488
b0421,P22939
b0422,P0A8G9
b0423,P77718
b0424,Q46948
b0425,P0A9J4
b0426,P0A8E7
b0429,P0ABJ6
b0430,P0ABJ3
b0431,P0ABI8
b0432,P0ABJ1
b0434,P0ADA5
b0435,P0ABE2
b0436,P0A850
b0437,P0A6G7
b0438,P0A6H1
b0439,P0A9M0
b0440,P0ACF4
b0441,P0ADY1
b0442,P0AAR8
b0443,P77712
b0444,P77756
b0450,P0AC55
b0451,P69681
b0452,P0AGG2
b0453,P77717
b0456,P0AAQ6
b0458,P0AAS0
b0459,P77791
b0460,P0ACE3
b0462,P31224
b0463,P0AE06
b0464,P0ACS9
b0465,P77338
b0466,P45807
b0467,P23862
b0469,P69503
b0470,P06710
b0471,P0A8B5
b0472,P0A7H6
b0473,P0A6Z3
b0474,P69441
b0475,P23871
b0477,P0AEW6
b0478,P39830
b0480,P07024
b0481,P0AAR3
b0483,P0A9T6
b0484,Q59385
b0485,P77454
b0487,P0A9G4
b0489,P0AA53
b0490,P77279
b0492,P77395
b0493,P0AFP4
b0494,P0ADA1
b0495,P0A9T8
b0496,P77504
b0503,P33667
b0506,P0ACN4
b0508,P30147
b0515,P75713
b0516,P77425
b0522,P09029
b0523,P0AG18
b0525,P23869
b0526,P21888
b0528,P0AAS7
b0529,P24186
b0545,P77368
b0553,P21420
b0557,P77330
b0565,P09169
b0567,P37325
b0568,P31600
b0570,P77485
b0571,P0ACZ8
b0572,P77211
b0573,P77214
b0574,P77239
b0575,P38054
b0576,P24207
b0577,P0AAT4
b0578,P38489
b0579,P0AAT2
b0581,P77213
b0584,P05825
b0585,P13039
b0586,P11454
b0588,P23878
b0592,P0AEL6
b0593,P0AEJ2
b0594,P10378
b0595,P0ADI4
b0596,P15047
b0597,P0A8Y8
b0598,P15078
b0599,P45579
b0600,P77806
b0604,P77202
b0605,P0AE08
b0606,P35340
b0607,P39177
b0608,P77316
b0610,P0AFW4
b0611,P21338
b0620,P0AEF4
b0623,P0A972
b0627,P0A843
b0628,P60716
b0630,P60720
b0631,P0A8J4
b0632,P0AEB2
b0633,P10100
b0635,P0AD65
b0636,P0A8I8
b0637,P0AAT6
b0639,P0A752
b0641,P0ADC1
b0642,P07813
b0643,P0AAT9
b0650,P77319
b0651,P41409
b0652,P0AAG3
b0653,P0AER5
b0655,P37902
b0657,P23930
b0658,P0AE78
b0659,P0A898
b0660,P0A9K3
b0661,P0AEI1
b0662,P75728
b0674,P22106
b0675,P0AF24
b0676,P0AF20
b0677,P0AF18
b0678,P0A759
b0679,P09323
b0680,P00962
b0683,P0A9A9
b0684,P61949
b0685,P0AAU7
b0686,P75736
b0687,P0AFY8
b0688,P36938
b0694,P21866
b0695,P21865
b0699,P0AAU2
b0707,P24252
b0710,P0AFP6
b0711,P0AAV4
b0712,P75745
b0713,P75746
b0714,P50465
b0720,P0ABH7
b0721,P69054
b0722,P0AC44
b0723,P0AC41
b0724,P07014
b0726,P0AFG3
b0727,P0AFG6
b0728,P0A836
b0729,P0AGE9
b0730,P13669
b0732,P54746
b0733,P0ABJ9
b0734,P0ABK2
b0736,P0A8Z3
b0737,P0ABU9
b0738,P0ABV6
b0739,P19934
b0740,P0A855
b0741,P0A912
b0742,P45955
b0750,P11458
b0751,P0AFK2
b0753,P0AAV6
b0754,P0AB91
b0755,P62707
b0756,P0A9C3
b0757,P0A6T3
b0758,P09148
b0759,P09147
b0760,P31060
b0761,P0A9G8
b0763,P37329
b0765,P09833
b0766,P21829
b0767,P52697
b0772,P46130
b0773,P12994
b0774,P12995
b0775,P12996
b0776,P12998
b0777,P12999
b0778,P13000
b0779,P0A8F8
b0780,P75767
b0782,P0AEZ9
b0783,P0A738
b0784,P30748
b0785,P30749
b0786,P0AAC4
b0790,P0AAW1
b0795,P75777
b0796,P0ACU0
b0797,P25888
b0800,P30177
b0801,P30178
b0802,P0AAX3
b0803,P41039
b0804,P75779
b0805,P75780
b0806,P0AAX6
b0807,P75782
b0809,P10346
b0810,P0AEQ6
b0811,P0AEQ3
b0812,P0ABT2
b0814,P0A917
b0815,P75785
b0817,P0A9F1
b0819,P0AAX8
b0820,P0A9U3
b0821,P75791
b0822,P75792
b0825,P78055
b0826,P12282
b0827,P12281
b0828,P37595
b0829,P75796
b0830,P75797
b0831,P75798
b0835,P0AEI4
b0837,P75804
b0838,P0ACA7
b0839,P08506
b0840,P0ACK5
b0842,P0AEY8
b0844,P75809
b0847,P60869
b0849,P68688
b0851,P17117
b0852,P0C0U4
b0853,P0AAY6
b0854,P31133
b0855,P31134
b0859,P75817
b0860,P30860
b0862,P0AE34
b0863,P30859
b0864,P0AAF6
b0865,P75818
b0866,P0A8C1
b0867,P75820
b0868,P75821
b0869,P75822
b0870,P75823
b0871,P07003
b0876,P75828
b0877,P75829
b0878,P75830
b0879,P75831
b0880,P0A968
b0882,P0ABH9
b0884,P69222
b0886,P23886
b0887,P29018
b0888,P0A9P4
b0889,P0ACJ0
b0890,P46889
b0891,P61316
b0892,P0AAZ4
b0893,P0A8L1
b0894,P18775
b0897,P21367
b0901,P43340
b0902,P0A9N4
b0903,P09373
b0904,P0AC23
b0905,P75838
b0906,P75839
b0907,P23721
b0908,P0A6D3
b0910,P0A6I0
b0911,P0AG67
b0912,P0A6Y1
b0914,P60752
b0915,P27300
b0917,P0AAZ7
b0918,P04951
b0921,P36566
b0922,P60293
b0923,P22524
b0924,P22523
b0925,P22525
b0927,P75849
b0928,P00509
b0929,P02931
b0930,P0A8M0
b0931,P18133
b0932,P04825
b0945,P0A7E1
b0947,P75863
b0948,P75864
b0949,P43672
b0951,P43671
b0952,P0AB10
b0953,P0AFW2
b0954,P0A6Q3
b0955,P75867
b0956,P0A8N0
b0957,P0A910
b0961,P0AB12
b0962,P15038
b0963,P0A731
b0965,P75874
b0966,P0AB20
b0967,P75876
b0968,P0AB65
b0969,P0AB18
b0970,P0AAC6
b0972,P69739
b0973,P0ACD8
b0975,P19930
b0978,P26459
b0980,P07102
b0984,P75882
b0990,P0A978
b0995,P38684
b0999,P63264
b1000,P36659
b1002,P19926
b1003,P0AB14
b1004,P0A8G6
b1014,P09546
b1015,P07117
b1018,P0AB24
b1019,P31545
b1020,P0A9K1
b1023,P75906
b1033,P75913
b1034,P75914
b1035,P75915
b1037,P0AEA2
b1038,P0AE98
b1040,P52106
b1042,P28307
b1043,P52107
b1045,P0A8D6
b1048,P33136
b1049,P62517
b1051,P25738
b1054,P0ACV0
b1055,P24188
b1056,P0A8X2
b1059,P40874
b1061,P0ABR1
b1062,P05020
b1063,P0AB26
b1064,P0AC59
b1066,P0A948
b1067,P29217
b1068,P75931
b1069,P0AF16
b1070,P43533
b1071,P0AEM4
b1072,P75933
b1073,P0ABW9
b1074,P0ABX2
b1075,P75936
b1076,P75937
b1077,P75938
b1078,P0ABX5
b1079,P0A6S0
b1080,P0A6S3
b1082,P33235
b1083,P29744
b1084,P21513
b1086,P0AA39
b1087,P0A729
b1088,P0AB28
b1089,P0A7N4
b1090,P27247
b1091,P0A6R0
b1092,P0AAI9
b1093,P0AEK2
b1094,P0A6A8
b1095,P0AAI5
b1096,P28305
b1097,P28306
b1098,P0A720
b1099,P28631
b1100,P0AFQ7
b1101,P69786
b1102,P16869
b1103,P0ACE7
b1105,P0AB38
b1107,P75949
b1108,P0A8E1
b1109,P00393
b1110,P0AB35
b1111,P75952
b1112,P0AB40
b1113,P75954
b1114,P30958
b1116,P0ADC3
b1117,P75957
b1118,P75958
b1119,P75959
b1120,A0A7H2C766
b1123,P0AFK9
b1124,P0AFK6
b1125,P0AFK4
b1126,P69874
b1127,P29745
b1128,P27431
b1129,P23837
b1130,P23836
b1131,P0AB89
b1132,P25746
b1133,P25745
b1134,P0AEI6
b1136,P08200
b1145,P75974
b1162,P75989
b1165,P75992
b1171,P0AB46
b1172,Q7DFV3
b1174,P0A734
b1175,P0AEZ3
b1176,P18196
b1177,P76001
b1178,P76002
b1179,P0AB43
b1180,P76004
b1182,P77335
b1185,P0A6M2
b1186,P0AFA7
b1187,P0A8V6
b1188,P29013
b1189,P0A6J5
b1190,P29012
b1191,P76007
b1192,P76008
b1193,P0C960
b1194,P76010
b1197,P13482
b1198,P37349
b1199,P76014
b1200,P76015
b1203,P0ABU2
b1204,P0A7D1
b1205,P0AB49
b1206,P0AFR2
b1207,P0A717
b1208,P62615
b1209,P61320
b1210,P0A6X1
b1211,P0A7I0
b1212,P0ACC1
b1215,P0A715
b1216,P31801
b1217,P0AE63
b1219,P0AB52
b1221,P0AF28
b1224,P09152
b1225,P11349
b1226,P0AF26
b1227,P11350
b1232,P37051
b1233,P37052
b1234,P0AFR0
b1235,P0AEV1
b1236,P0AEP3
b1237,P0ACF8
b1238,P23331
b1241,P0A9Q7
b1243,P23843
b1244,P0AFH2
b1245,P0AFH6
b1246,P76027
b1247,P77737
b1248,P0A8L7
b1249,P0A6H8
b1250,P31069
b1251,P0AB55
b1252,P02929
b1253,P0A8Z0
b1254,P0A710
b1255,P21365
b1256,P0A915
b1257,P21363
b1258,P21362
b1259,P21361
b1260,P0A877
b1261,P0A879
b1262,P00909
b1263,P00904
b1264,P00895
b1266,P77766
b1267,P0AFR4
b1269,P37765
b1270,P0A9H5
b1271,P31808
b1272,P0AG14
b1273,P0AB61
b1274,P06612
b1275,P0A9F3
b1276,P25516
b1277,P0A7I7
b1279,P0ACV4
b1280,P0AB58
b1281,P08244
b1282,P08245
b1283,P0ADA7
b1284,P76034
b1285,P77334
b1286,P30850
b1287,P76035
b1288,P0AEK4
b1290,P0AAH8
b1291,P0AAH4
b1294,Q47622
b1295,P0ACV8
b1297,P78061
b1298,P76038
b1299,P0A9U6
b1300,P23883
b1301,P37906
b1302,P50457
b1303,P37344
b1304,P0AFM6
b1305,P0AFM9
b1308,P23857
b1320,P77615
b1321,P76046
b1322,P0A8R7
b1323,P07604
b1324,P0A862
b1325,P51981
b1326,P0ACV6
b1327,P76049
b1329,P77348
b1330,P0AEB5
b1333,P0AAC0
b1334,P0A9E5
b1335,P0AFH0
b1340,P76053
b1341,P77302
b1342,P64423
b1343,P21693
b1344,P76055
b1356,P76062
b1375,P76073
b1376,P37903
b1378,P52647
b1379,P52644
b1380,P52643
b1381,P52645
b1382,P64448
b1383,P76076
b1384,Q47129
b1385,P80668
b1387,P77455
b1388,P76077
b1389,P76078
b1390,P76079
b1392,P76081
b1397,P0C7L2
b1398,P76085
b1399,P76086
b1400,P77181
b1406,P25906
b1412,P41407
b1413,P43329
b1414,P34209
b1415,P25553
b1421,P05704
b1422,P77171
b1423,P76097
b1424,P40120
b1426,P0ACW6
b1427,P13857
b1428,P76100
b1430,P25397
b1431,P64451
b1434,P77626
b1435,P76104
b1438,P67697
b1440,P76108
b1441,P77795
b1444,P77674
b1446,P64455
b1448,P76112
b1449,P76113
b1450,P76114
b1451,P76115
b1452,P76116
b1461,P31992
b1462,P76121
b1464,P37757
b1468,P19319
b1470,P76122
b1477,P67699
b1478,P39451
b1479,P26616
b1480,P68191
b1482,P0C0L2
b1487,P76128
b1490,P0AA89
b1492,P63235
b1493,P69910
b1494,P31828
b1495,P31827
b1498,P77318
b1501,P77561
b1502,P77588
b1507,P23874
b1511,P77432
b1512,P76141
b1513,P77257
b1516,P76142
b1517,P76143
b1518,P64461
b1519,P76145
b1521,P0A6L7
b1524,P0A6W0
b1525,P76149
b1535,P31129
b1536,P31130
b1537,P31131
b1538,P24171
b1539,P39831
b1540,P0ACM2
b1541,P64463
b1550,P77695
b1557,P36995
b1564,P0C079
b1566,P77609
b1567,P76164
b1570,P06966
b1580,P38105
b1581,P38104
b1583,P76170
b1584,P0A951
b1586,P76172
b1588,P77783
b1591,P69853
b1593,P0A6E9
b1594,P50456
b1595,P77559
b1597,P36560
b1598,P76176
b1602,P0AB67
b1603,P07001
b1604,P76177
b1606,P0AFS3
b1608,P52108
b1609,P18392
b1610,P16525
b1611,P05042
b1612,P0AC33
b1613,P00946
b1614,P77804
b1615,Q47706
b1617,P05804
b1618,P0ACT6
b1619,P0AET8
b1621,P19642
b1622,P23256
b1623,P22333
b1624,P77376
b1625,P64467
b1628,P77223
b1629,P77611
b1631,P77285
b1633,P0AB83
b1634,P77304
b1635,P0A9D2
b1636,P77150
b1637,P0AGJ9
b1638,P0AFI7
b1640,P77570
b1641,P0A905
b1642,P0A8W2
b1646,P0AGD1
b1647,P76187
b1649,P67430
b1650,P77258
b1651,P0AC81
b1652,P30014
b1654,P0AC69
b1655,P76190
b1656,P0AGD3
b1658,P0ACP7
b1661,P0A9H7
b1662,P0AFU8
b1663,P37340
b1664,P77552
b1667,P0ACX3
b1668,P77148
b1675,P0ACX5
b1676,P0AD61
b1677,P69776
b1678,P76193
b1679,P76194
b1680,P77444
b1681,P77689
b1682,P77499
b1683,P77522
b1684,P77667
b1685,P64476
b1686,P77781
b1687,P77748
b1688,P0AFS7
b1691,P76198
b1693,P05194
b1702,P23538
b1703,P0A8A4
b1704,P00887
b1705,P0ACX9
b1706,P77649
b1709,P06611
b1710,P06610
b1712,P0A6X7
b1713,P07395
b1714,P08312
b1716,P0A7L3
b1717,P0A7Q1
b1718,P0A707
b1719,P0A8M3
b1722,P76206
b1723,P06999
b1724,P64479
b1725,P77739
b1726,P76208
b1727,P77247
b1729,P77529
b1731,P0AE60
b1732,P21179
b1733,P37794
b1736,P69791
b1738,P69795
b1739,P0ADB1
b1740,P18843
b1743,P77754
b1744,P76215
b1745,P76216
b1746,P76217
b1747,P0AE37
b1748,P77581
b1749,P09030
b1751,P76220
b1754,P76223
b1757,P78067
b1759,P77788
b1760,P76227
b1761,P00370
b1763,P14294
b1764,P16456
b1765,P0ACY1
b1766,P08395
b1767,P0A962
b1768,P21369
b1770,P77721
b1777,P76231
b1778,P0A746
b1779,P0A9B2
b1780,P39173
b1781,P76234
b1782,P0A908
b1783,P0ACY3
b1784,P76235
b1786,P76237
b1787,P64483
b1792,P76243
b1793,P64493
b1794,P76245
b1797,P64488
b1800,P76251
b1804,P09155
b1805,P69451
b1806,P0AA91
b1807,P76256
b1809,P0AEB7
b1810,P64490
b1811,P67338
b1812,P05041
b1813,P43337
b1814,P16095
b1816,P0AEC0
b1817,P69797
b1818,P69801
b1819,P69805
b1822,P36999
b1823,P0A9Y6
b1825,P64499
b1827,P76268
b1829,P23894
b1830,P23865
b1831,P45577
b1832,P76270
b1834,P76272
b1835,P76273
b1836,P64503
b1839,P64506
b1841,P0AA57
b1842,P0ABS8
b1844,P0AEK0
b1845,P24555
b1846,P33218
b1847,P33219
b1848,P0ACY9
b1849,P33221
b1850,P0A955
b1851,P0ADF6
b1852,P0AC53
b1853,P46118
b1854,P21599
b1855,P24205
b1857,P39172
b1858,P0A9X1
b1860,P0A812
b1861,P0A809
b1864,P0A8A0
b1865,P0AFC0
b1866,P21889
b1867,P0ADI7
b1868,P37348
b1870,P76290
b1871,P76291
b1872,P46923
b1874,P67826
b1875,P52007
b1876,P11875
b1877,P76296
b1878,P76297
b1879,P76298
b1881,P0A9H9
b1882,P0AE67
b1883,P07330
b1884,P07364
b1885,P07018
b1886,P07017
b1887,P0A964
b1888,P07363
b1889,P0AF06
b1890,P09348
b1891,P0ABY7
b1892,P0A8S9
b1895,P46888
b1896,P31677
b1897,P31678
b1900,P0AAF3
b1901,P02924
b1902,P0A9A2
b1904,P76308
b1905,P0A998
b1906,P46887
b1908,P0AD05
b1912,P0ABF8
b1913,P0A8G0
b1914,P0AED5
b1915,P0AD07
b1916,P07026
b1917,P37774
b1918,P0AFT2
b1919,P76316
b1920,P0AEM9
b1921,P52627
b1922,P0AEM6
b1923,P04949
b1924,P24216
b1925,P26608
b1927,P26612
b1928,P31063
b1929,P31064
b1930,P0AA31
b1931,P76318
b1937,P0A8T5
b1938,P25798
b1939,P0ABZ1
b1940,P31068
b1941,P52612
b1942,P52613
b1943,P52614
b1944,P0ABX8
b1945,P06974
b1946,P15070
b1947,P22586
b1948,P0AC05
b1953,P64519
b1955,P76329
b1956,P76330
b1957,P64517
b1958,P46125
b1960,P09184
b1961,P0AED9
b1962,P46144
b1967,P31658
b1968,P76339
b1969,P76340
b1970,P76341
b1971,P76342
b1972,P76343
b1973,P76344
b1976,P76346
b1981,P76350
b1982,P0AE12
b1983,P0A8A2
b1987,Q47083
b1990,P39176
b1991,P36562
b1993,P0AE76
b2000,P39180
b2001,P76361
b2007,P0A8M6
b2009,P33012
b2011,P04995
b2012,P33014
b2013,P33015
b2014,P0AA47
b2016,P0AD12
b2017,P69346
b2019,P60757
b2020,P06988
b2021,P06986
b2022,P06987
b2023,P60595
b2024,P10371
b2025,P60664
b2026,P06989
b2027,P76372
b2028,P76373
b2029,P00350
b2032,P37751
b2033,P37750
b2034,P37749
b2036,P37747
b2038,P37745
b2039,P37744
b2040,P37760
b2041,P37759
b2042,P0AAB6
b2049,P24174
b2060,P76387
b2063,P76389
b2064,P28249
b2065,P28248
b2066,P0A8F4
b2068,P04395
b2069,P36928
b2074,P76397
b2075,P76398
b2078,P30847
b2079,P69228
b2080,P76402
b2081,P76403
b2086,P76407
b2091,P0A9S3
b2092,P69831
b2093,P37188
b2094,P69828
b2095,P0C8J8
b2096,P0C8J6
b2097,P0A991
b2101,P0ACM5
b2103,P76422
b2104,P76423
b2105,P64530
b2107,P64534
b2113,P0AF08
b2114,P00959
b2124,P33355
b2125,P0AFT5
b2126,P0AD14
b2129,P33360
b2131,P33362
b2132,P33363
b2133,P06149
b2134,P0AFI5
b2137,P33368
b2140,P33371
b2142,P0AD19
b2143,P0ABF6
b2144,P0AFY2
b2146,P76440
b2148,P23200
b2149,P0AAG8
b2150,P0AEE5
b2151,P25748
b2153,P0A6T5
b2154,P33018
b2155,P17315
b2156,P25737
b2157,P0ACR4
b2159,P0A6C1
b2165,P33025
b2167,P20966
b2168,P0AEW9
b2169,P69811
b2171,P0A6N8
b2172,P33029
b2173,P33030
b2174,P76445
b2175,P0AFV4
b2176,P76446
b2177,P33913
b2180,P33916
b2181,P0AD21
b2182,P28246
b2183,P0AA43
b2185,P68919
b2186,P33920
b2187,P0AD24
b2188,P0AD27
b2193,P31802
b2197,P69490
b2206,P33937
b2209,P23827
b2210,P33940
b2211,P33941
b2212,P05050
b2215,P06996
b2216,P39838
b2217,P0DMC7
b2218,P0DMC5
b2220,Q06065
b2229,P76466
b2231,P0AES4
b2232,P17993
b2234,P00452
b2235,P69924
b2239,P09394
b2240,P08194
b2241,P0A9C0
b2242,P13033
b2243,P0A996
b2249,P77808
b2250,P76471
b2251,P52006
b2252,P45565
b2253,P77690
b2254,P77757
b2255,P77398
b2259,P37590
b2260,P37353
b2261,P29208
b2262,P0ABU0
b2264,P17109
b2265,P38051
b2266,P0AEH5
b2267,P0AEH3
b2268,P0A8V0
b2276,P0AFF0
b2277,P0AFE8
b2278,P33607
b2279,P0AFE4
b2280,P0AFE0
b2281,P0AFD6
b2282,P0AFD4
b2283,P33602
b2284,P31979
b2285,P0AFD1
b2286,P33599
b2287,P0AFC7
b2288,P0AFC3
b2289,P36771
b2290,P0A959
b2291,P76491
b2293,P77625
b2294,P0A8W8
b2295,P0A8D9
b2296,P0A6A3
b2297,P0A9M8
b2299,P65556
b2300,P67095
b2301,P77544
b2302,P77526
b2303,P0AC19
b2304,P77775
b2306,P07109
b2307,P0AEU3
b2308,P52094
b2309,P0AEU0
b2310,P09551
b2311,P0AG03
b2312,P0AG16
b2313,P08550
b2314,P09549
b2315,P08192
b2316,P0A9Q5
b2318,P07649
b2319,P08390
b2320,P05459
b2321,P15286
b2323,P0A953
b2324,P77182
b2325,P64540
b2328,P0C0T5
b2329,P12008
b2330,P39199
b2331,P0A8B2
b2335,P76501
b2340,P76502
b2341,P77399
b2342,P76503
b2343,P0AD33
b2344,P10384
b2346,P76506
b2347,P37327
b2349,P37326
b2351,P77293
b2352,P76507
b2365,P08555
b2366,P00926
b2369,P0ACZ4
b2379,P77434
b2381,P0AE39
b2383,P77439
b2385,P76524
b2388,P0A6V8
b2393,P0AFF2
b2394,P0CF93
b2395,P23842
b2398,P0AD37
b2399,P27238
b2400,P04805
b2411,P15042
b2412,P77173
b2414,P0ABK5
b2415,P0AA04
b2416,P08839
b2417,P69783
b2418,P40191
b2421,P16703
b2422,P16676
b2423,P0AEB0
b2424,P16701
b2425,P16700
b2426,P37440
b2427,P77245
b2428,P76535
b2429,P77272
b2430,P77619
b2431,P76536
b2432,P76537
b2434,P76539
b2435,P36548
b2436,P36553
b2439,P76541
b2440,P19636
b2441,P0AEJ6
b2449,P76549
b2450,P76550
b2457,P0ABF4
b2463,P76558
b2464,P0A867
b2465,P33570
b2467,P37128
b2468,P37127
b2470,P24177
b2471,P24178
b2472,P0AED7
b2473,P76561
b2474,P76562
b2475,P64429
b2476,P0A7D7
b2477,P0A903
b2478,P0A6L2
b2479,P0A9I3
b2480,P0AE52
b2487,P77329
b2491,P71229
b2494,P66948
b2495,P76569
b2496,P69931
b2497,P0AGM7
b2498,P0A8F0
b2499,P08178
b2500,P08179
b2501,P0A7B1
b2502,P0AFL6
b2507,P04079
b2508,P0ADG7
b2509,P04994
b2510,P76575
b2511,P0A6P5
b2512,P77774
b2513,P76576
b2514,P60906
b2515,P62620
b2516,P27434
b2517,P36979
b2518,P0A763
b2520,P76578
b2521,P31142
b2522,P0AFZ1
b2523,P37095
b2524,P0C0L9
b2525,P0A9R4
b2526,P0A6Z1
b2527,P0A6L9
b2528,P0AAC8
b2529,P0ACD4
b2530,P0A6B7
b2531,P0AGK8
b2532,P0AE01
b2533,P0ADG4
b2535,P54901
b2545,P77360
b2548,P77269
b2551,P0A825
b2552,P24232
b2553,P0A9Z1
b2554,P0AFU4
b2555,P0AD44
b2557,P15254
b2559,P68398
b2561,P37767
b2563,P24224
b2564,P0A794
b2566,P06616
b2567,P0A7Y0
b2568,P00803
b2569,P60785
b2571,P0AFX9
b2572,P0AFX7
b2573,P0AGB6
b2574,P10902
b2575,P31825
b2576,P21507
b2579,P68066
b2580,P12295
b2581,P0AGJ5
b2582,P0AGG4
b2584,P76594
b2585,P23830
b2587,P0AEX3
b2592,A0A7H2C767
b2593,P33644
b2594,P33643
b2595,P0AC02
b2597,P0AD49
b2599,P0A9J8
b2600,P07023
b2601,P00888
b2602,P11289
b2605,P07021
b2606,P0A7K6
b2607,P0A873
b2608,P0A7X6
b2609,P0A7T3
b2610,P0AGD7
b2614,P09372
b2615,P0A7B3
b2616,P05824
b2617,P0A937
b2618,P52119
b2619,P0AGL5
b2620,P0A832
b2659,P76621
b2660,P37339
b2661,P25526
b2662,P22256
b2664,P37338
b2665,P0ADE6
b2667,P77295
b2668,P55734
b2669,P0ACG1
b2671,P0AD53
b2672,P0ADQ7
b2673,P0AC65
b2674,P0A772
b2675,P39452
b2676,P37146
b2677,P14175
b2678,P14176
b2679,P0AFM2
b2684,P0ACR9
b2685,P27303
b2687,P45578
b2688,P0A6W9
b2690,P77475
b2696,P69913
b2697,P00957
b2699,P0A7G6
b2700,P0A6G3
b2701,P41052
b2703,P56580
b2704,P05706
b2705,P05707
b2707,P15082
b2708,P17115
b2714,P24242
b2717,P0AEV9
b2721,P16431
b2725,P0AEV4
b2727,P0AAN3
b2730,P24193
b2733,P23909
b2735,P52598
b2739,Q46891
b2741,P13445
b2742,P0ADA3
b2743,P0A7A5
b2744,P0A840
b2745,Q57261
b2746,P62617
b2747,Q46893
b2748,P0A6S5
b2750,P0A6J1
b2751,P23845
b2752,P21156
b2753,P10423
b2755,Q46896
b2762,P17854
b2763,P17846
b2764,P38038
b2765,P65870
b2777,P64554
b2779,P0A6P9
b2780,P0A7E5
b2781,P0AEY3
b2782,P0AE70
b2783,P0AE72
b2784,P0AG20
b2785,P55135
b2786,P0AEC5
b2787,P0AES2
b2790,P65367
b2791,P0AA41
b2792,Q46919
b2793,P0A8U0
b2794,Q46920
b2795,P0ADR8
b2796,P0AAD6
b2797,P30744
b2798,P38506
b2799,P0A9S1
b2800,P0AB87
b2802,P69922
b2804,P0AEN8
b2805,P0ACK8
b2806,P0ADR6
b2808,P0A9F6
b2809,P65292
b2810,Q46925
b2811,P0AGF2
b2812,Q46927
b2813,P0A935
b2817,P63883
b2818,P0A6C5
b2819,P04993
b2820,P08394
b2821,P05458
b2822,P07648
b2827,P0A884
b2828,P60955
b2829,P37177
b2830,P0A776
b2833,P65294
b2834,P0A9T4
b2836,P31119
b2837,P03024
b2838,P00861
b2839,P03030
b2840,P03813
b2842,P37769
b2843,Q46938
b2844,Q46939
b2845,P63340
b2865,Q46798
b2867,Q46800
b2868,Q46801
b2869,Q46802
b2870,Q46803
b2872,P65807
b2877,Q46810
b2883,P76641
b2889,Q46822
b2890,P0A8N3
b2891,P07012
b2892,P21893
b2893,P0AEG6
b2894,P0A8P8
b2895,P0ABY4
b2897,P64559
b2898,P0ADE8
b2900,P67603
b2901,Q46829
b2902,P52037
b2903,P33195
b2904,P0A6T9
b2905,P27248
b2906,P25535
b2907,P25534
b2908,P15034
b2909,P0A8C4
b2910,P0ADS2
b2912,P0AC28
b2913,P0A9T0
b2914,P0A7Z0
b2915,P64562
b2916,P0A8S1
b2922,P0ADS6
b2924,P0C0S1
b2925,P0AB71
b2926,P0A799
b2927,P0A9B6
b2935,P27302
b2936,P25894
b2937,P60651
b2938,P21170
b2942,P0A817
b2943,P0AEP1
b2946,P0AGL7
b2947,P04425
b2948,P0A8W5
b2949,P0A8I1
b2951,P67080
b2952,P64564
b2953,P52060
b2954,P52061
b2955,P52062
b2957,P00805
b2958,P0ADS9
b2959,P38521
b2960,P0A8I5
b2961,P17802
b2962,P0A8P3
b2963,P0C066
b2964,P0AFF4
b2965,P21169
b2975,Q46839
b2976,P37330
b2977,P0AEQ1
b2979,P0AEP9
b2980,P0ACL5
b2988,P0AES0
b2989,Q46845
b2992,P0AAN1
b2993,P37182
b2994,P0ACE0
b2996,P0AAJ8
b2998,P64574
b3001,Q46851
b3003,P0AG84
b3005,P0ABV2
b3006,P0ABU7
b3008,P06721
b3010,Q46855
b3011,Q46856
b3012,Q46857
b3017,P26648
b3018,P26647
b3019,P0AFI2
b3020,Q46863
b3021,Q46864
b3024,P0ADU5
b3025,P52076
b3028,P0AEY5
b3029,P0ADU2
b3030,P20083
b3031,P0A8Z7
b3032,P0AEW4
b3033,P0ADU7
b3034,Q93K97
b3035,P02930
b3037,P0ADT2
b3038,P0ADT5
b3039,P24197
b3041,P0A7J0
b3042,Q46868
b3049,P26649
b3052,P76658
b3053,P30870
b3054,P30871
b3055,P0ADT8
b3056,P06961
b3058,P0AC16
b3059,P60782
b3064,P05852
b3065,P68679
b3066,P0ABS5
b3067,P00579
b3068,P0A9H1
b3070,Q46871
b3071,P64588
b3072,P50466
b3073,P42588
b3075,P06846
b3081,P42593
b3084,P42596
b3085,P42597
b3087,P42599
b3089,P0AGE4
b3091,P42604
b3092,P0A8G3
b3094,P0ACL2
b3095,P0AA63
b3097,P42616
b3098,P64581
b3099,P64585
b3100,Q47710
b3102,P42620
b3105,P67660
b3106,P42624
b3113,P0AGL2
b3114,P42632
b3117,P0AGF6
b3124,P23524
b3125,P0ABQ2
b3126,P23522
b3128,P39829
b3129,P15373
b3130,P64594
b3131,P0ACK2
b3132,P0C8K0
b3133,P42904
b3146,P67087
b3147,P45464
b3149,P66817
b3150,P64596
b3151,P45468
b3152,P45469
b3153,P45470
b3154,P67762
b3156,P63417
b3157,P64599
b3160,P0ADV5
b3162,P0A9P6
b3163,P0AFB1
b3164,P05055
b3165,P0ADZ4
b3166,P60340
b3167,P0A7G2
b3168,P0A705
b3169,P0AFF6
b3170,P0A8A8
b3172,P0A6E4
b3175,P0AG99
b3176,P31120
b3177,P0AC13
b3178,P0AAI3
b3179,P0C0R7
b3180,P0AGK4
b3181,P0A6W5
b3182,P24228
b3183,P42641
b3185,P0A7L8
b3186,P0AG48
b3187,P0AD57
b3189,P0A749
b3190,P0A9W6
b3191,P64602
b3192,P0ADV7
b3193,P64604
b3194,P64606
b3195,P63386
b3197,P45395
b3198,P0ABZ4
b3199,P0ADV9
b3200,P0ADV1
b3201,P0A9V1
b3202,P24255
b3203,P0AFX0
b3204,P69829
b3205,P0A894
b3207,P64610
b3208,P46022
b3209,P0ABU5
b3210,P0AEC3
b3212,P09831
b3213,P09832
b3221,P45424
b3222,P45425
b3223,P0A761
b3224,P41036
b3225,P0A6L4
b3226,P0A8W0
b3228,P0AFZ3
b3229,P0ACA3
b3230,P0A7X3
b3231,P0AA10
b3232,P64612
b3233,P0ADW3
b3234,P39099
b3235,P0AEE3
b3236,P61889
b3237,P0A6D0
b3238,P64614
b3239,P64616
b3243,P67662
b3244,P0AGG8
b3247,P0A9J0
b3248,P25536
b3250,P16926
b3251,P0A9X4
b3253,P26646
b3255,P0ABD8
b3256,P24182
b3259,P0A8T1
b3260,P0ABT5
b3261,P0A6R3
b3279,P0A9W9
b3280,P45795
b3281,P15770
b3282,P45748
b3283,P45771
b3287,P0A6K3
b3288,P23882
b3289,P36929
b3290,P0AGI8
b3291,P0A742
b3292,P0ACS5
b3294,P0AG44
b3295,P0A7Z4
b3296,P0A7V8
b3297,P0A7R9
b3298,P0A7S9
b3299,P0A7Q6
b3300,P0AGA2
b3301,P02413
b3302,P0AG51
b3303,P0A7W1
b3304,P0C018
b3305,P0AG55
b3306,P0A7W7
b3307,P0AG59
b3308,P62399
b3309,P60624
b3310,P0ADY3
b3311,P0AG63
b3312,P0A7M6
b3313,P0ADY7
b3314,P0A7V3
b3315,P61175
b3316,P0A7U3
b3317,P60422
b3318,P0ADZ0
b3319,P60723
b3320,P60438
b3321,P0A7R5
b3336,P0ABD3
b3338,P13656
b3339,P0CE47
b3340,P0A6M8
b3341,P02359
b3342,P0A7S3
b3343,P45530
b3344,P45531
b3345,P45532
b3346,P64624
b3347,P45523
b3348,P0A8R4
b3349,P0A9K9
b3351,P0A756
b3352,P63389
b3353,P45524
b3354,P67624
b3355,P0AEX5
b3356,P0ADX1
b3357,P0ACJ8
b3359,P18335
b3360,P00903
b3361,P20605
b3362,P0ADX5
b3363,P0AFL3
b3365,P08201
b3366,P0A9I8
b3368,P0AEA8
b3371,P0AC00
b3375,P45544
b3380,P45549
b3383,P45552
b3384,P00954
b3385,P32662
b3386,P0AG07
b3387,P0AEE8
b3388,P11557
b3389,P07639
b3390,P0A6D7
b3396,P02918
b3397,P45799
b3398,P45800
b3399,P64636
b3400,P0ACG8
b3401,P0A6Y5
b3403,P22259
b3405,P0AA16
b3406,P30128
b3407,P46837
b3408,P0AEL3
b3409,P33650
b3410,P64638
b3412,P13001
b3414,P63020
b3415,P39835
b3416,P15977
b3417,P00490
b3418,P06993
b3423,P0ACL0
b3424,P09391
b3425,P0A6V5
b3426,P13035
b3428,P0AC86
b3429,P0A6U8
b3430,P0A6V1
b3431,P15067
b3432,P07762
b3433,P0A9Q9
b3437,P46859
b3438,P0ACP5
b3439,P46852
b3440,P46853
b3441,P46854
b3447,P18956
b3448,P0ADX7
b3449,P10908
b3450,P10907
b3453,P0AG80
b3454,P22731
b3455,P0A9S7
b3456,P22729
b3458,P04816
b3459,P37613
b3460,P0AD96
b3461,P0AGB3
b3462,P0AC30
b3463,P0A9R7
b3464,P10121
b3465,P0ADX9
b3466,P37614
b3467,P37615
b3469,P37617
b3470,P0A890
b3472,P0AEE1
b3475,P37623
b3476,P33590
b3478,P0AFA9
b3481,P0A6Z6
b3486,P37624
b3487,P37626
b3492,P37631
b3493,P0AFJ7
b3494,P0A8S5
b3495,P0AED0
b3497,P68567
b3498,P27298
b3499,P37634
b3500,P06715
b3503,P0AB96
b3506,P37194
b3509,P0AET2
b3510,P0AES9
b3511,P0AET5
b3513,P37636
b3514,P37637
b3517,P69908
b3518,P37197
b3519,P62601
b3522,P37642
b3523,P37643
b3524,P37645
b3525,P37646
b3526,P37647
b3527,P37648
b3528,P0A830
b3529,P37649
b3530,P37650
b3538,P37659
b3540,P37313
b3541,P0AAG0
b3542,P0AEG1
b3543,P0AEF8
b3544,P23847
b3546,P37661
b3549,P05100
b3551,P20099
b3552,P37665
b3553,P37666
b3554,P0ADK0
b3555,P0A9V5
b3556,P0A9X9
b3559,P00961
b3560,P00960
b3564,P09099
b3565,P00944
b3566,P37387
b3567,P37388
b3568,P0AGI4
b3569,P0ACI3
b3571,P25718
b3572,P09053
b3574,P37671
b3579,P37676
b3581,P37678
b3588,P37685
b3590,P14081
b3591,P0A821
b3592,P0ACA1
b3594,P0ADK6
b3599,P00550
b3600,P09424
b3602,P0ADK8
b3603,P33231
b3604,P0ACL7
b3605,P33232
b3606,P0AGJ7
b3607,P0A9D4
b3608,P0A6S7
b3609,P0AG86
b3610,P0AC62
b3611,P0AG27
b3612,P37689
b3613,P37690
b3614,P37691
b3616,P07913
b3617,P0AB77
b3619,P67910
b3620,P37692
b3621,P24173
b3622,P27243
b3623,P27242
b3624,P27241
b3625,P27240
b3626,P27129
b3627,P27128
b3628,P27127
b3630,P25741
b3631,P25740
b3632,P25742
b3633,P0AC75
b3634,P0A6I6
b3635,P05523
b3636,P0A7N9
b3637,P0A7M2
b3639,P0ABQ0
b3640,P06968
b3641,P0C093
b3642,P0A7E3
b3643,P0CG19
b3644,P23839
b3645,P23840
b3648,P60546
b3649,P0A800
b3650,P0AG24
b3651,P0AGJ2
b3652,P24230
b3655,P31433
b3656,P31434
b3661,P04846
b3665,P31441
b3666,P0AGC0
b3669,P0AGA6
b3670,P0ADF8
b3671,P08142
b3685,P60872
b3686,P0C058
b3687,P0C054
b3688,P0ADM4
b3689,P31455
b3693,P31459
b3697,P0A8Y5
b3698,P09996
b3699,P0AES6
b3700,P0A7H0
b3701,P0A988
b3702,P03004
b3703,P0A7P5
b3704,P0A7Y8
b3705,P25714
b3706,P25522
b3708,P0A853
b3709,P23173
b3713,P0AGE6
b3714,P31466
b3715,P31467
b3724,P0A9K7
b3725,P0AAH0
b3726,P07654
b3728,P0AG82
b3729,P17169
b3730,P0ACC7
b3731,P0A6E6
b3732,P0ABB4
b3733,P0ABA6
b3734,P0ABB0
b3735,P0ABA4
b3736,P0ABA0
b3737,P68699
b3738,P0AB98
b3740,P0A6U5
b3741,P0A6U3
b3742,P03817
b3743,P0ACI6
b3744,P00963
b3746,P31473
b3747,P63183
b3748,P04982
b3749,P04983
b3750,P0AGI1
b3751,P02925
b3752,P0A9J6
b3755,P31475
b3764,P0ADN2
b3769,P0ADG1
b3770,P0AB80
b3771,P05791
b3772,P04968
b3773,P05827
b3774,P05793
b3775,P0A9L5
b3778,P09980
b3779,P25552
b3780,P0A8J8
b3781,P0AA25
b3783,P0AG30
b3784,P0AC78
b3785,P0AG00
b3786,P27828
b3787,P27829
b3788,P27830
b3789,P61887
b3790,P27832
b3791,P27833
b3794,P27836
b3795,P27837
b3802,P0ACB7
b3803,P09127
b3804,P09126
b3805,P06983
b3806,P00936
b3807,P27838
b3809,P0A6K1
b3810,P23305
b3811,P0A8P6
b3812,P0ADP0
b3813,P03018
b3816,P0ABI4
b3820,P0ADP2
b3821,P0A921
b3826,P27848
b3828,P0A9F9
b3829,P25665
b3830,P56262
b3831,P12758
b3832,P0AG71
b3833,P0A887
b3834,P0ADP7
b3835,P0A6A0
b3836,P69428
b3838,P69425
b3839,P69423
b3842,P0AFW0
b3843,P0AAB4
b3844,P0AEN1
b3845,P21151
b3846,P21177
b3847,P21165
b3848,P27862
b3850,P0ACB4
b3856,P32125
b3857,P32173
b3858,P0ADP9
b3859,P0C0K3
b3860,P0AEG4
b3863,P00582
b3865,P0A6P7
b3866,P0A8H6
b3867,P32131
b3868,P0AFB8
b3869,P0AFB5
b3870,P0A9C5
b3871,P0DTT0
b3872,P0ACM9
b3873,P32134
b3878,P32138
b3881,P32141
b3882,P0A9V8
b3884,P32144
b3885,P0A8Y3
b3887,P0A6M4
b3888,P0ADQ2
b3891,P13024
b3892,P0AEL0
b3893,P0AAJ5
b3894,P32176
b3895,P32177
b3908,P00448
b3910,P32157
b3911,P0AE82
b3912,P0AE88
b3915,P69380
b3916,P0A796
b3917,P0AG78
b3918,P06282
b3919,P0A858
b3920,P32160
b3922,P32162
b3923,P0AAB8
b3924,P28861
b3925,P0A9C9
b3926,P0A6F3
b3927,P0AER0
b3928,P0AF36
b3929,P0A8R0
b3931,P0A6H5
b3932,P0A7B8
b3933,P29131
b3934,P0ACN7
b3935,P17888
b3936,P0A7M9
b3938,P0A8U6
b3939,P00935
b3940,P00562
b3941,P0AEZ1
b3942,P13029
b3945,P0A9S5
b3946,P32669
b3947,P32670
b3952,P32675
b3954,P32677
b3955,P0CB39
b3956,P00864
b3957,P23908
b3958,P11446
b3959,P0A6C8
b3960,P11447
b3961,P0ACQ4
b3962,P27306
b3963,P0ACU5
b3965,P23003
b3966,P06129
b3967,P22634
b3972,P08373
b3973,P06709
b3974,P0A6I3
b3981,P0AG96
b3982,P0AFG0
b3983,P0A7J7
b3984,P0A7L0
b3985,P0A7J3
b3986,P0A7K2
b3987,P0A8V2
b3988,P0A8T7
b3990,P30140
b3991,P30139
b3992,P30138
b3993,P30137
b3994,P30136
b3995,P0AFX4
b3996,P32664
b3997,P29680
b3998,P68739
b3999,P32680
b4000,P0ACF0
b4002,P0AAA9
b4005,P15640
b4006,P15639
b4013,P07623
b4014,P08997
b4015,P0A9G6
b4016,P11071
b4018,P16528
b4019,P13009
b4020,P0AF43
b4021,P0A7C6
b4022,P32684
b4023,P32685
b4024,P08660
b4025,P0A6T1
b4031,P0AGF4
b4033,P02916
b4034,P0AEX9
b4035,P68187
b4036,P02943
b4037,P03841
b4039,P26602
b4040,P0AGK1
b4041,P0A7A7
b4042,P0ABN1
b4043,P0A7C2
b4045,P68206
b4046,P0AC51
b4049,P32695
b4051,P28304
b4052,P0ACB0
b4053,P0A6B4
b4054,P04693
b4055,P0AE22
b4056,P0AF48
b4057,P0AF50
b4058,P0A698
b4059,P0AGE0
b4063,P0ACS2
b4064,P0AF52
b4065,P32703
b4067,P32705
b4068,P0AF54
b4069,P27550
b4070,P0ABK9
b4077,P21345
b4078,P0AF56
b4085,P32719
b4087,P32721
b4088,P39265
b4089,P0ACS7
b4090,P37351
b4092,P16692
b4093,P16691
b4107,P16681
b4108,P0AFJ1
b4110,P39267
b4111,P0C0L7
b4112,P30844
b4113,P30843
b4114,P30845
b4119,P06720
b4122,P14407
b4124,P0AD01
b4126,P0AF59
b4127,P39274
b4129,P0A8N5
b4135,P0ACU7
b4136,P36655
b4137,P69488
b4138,P0ABN5
b4139,P0AC38
b4140,P37147
b4142,P0A6F9
b4143,P0A6F5
b4144,P0AF70
b4146,P39280
b4147,P0A6N4
b4149,P0A901
b4150,P00811
b4153,P0AC47
b4154,P00363
b4155,P0A8N7
b4159,P39285
b4160,P0A8K1
b4161,P39286
b4162,P0A784
b4167,P31806
b4168,P0AF67
b4169,P26365
b4170,P23367
b4171,P16384
b4172,P0A6X3
b4173,P25519
b4174,P0ABC7
b4175,P0ABC3
b4177,P0A7D4
b4178,P0AF63
b4179,P21499
b4180,P63177
b4183,P39293
b4187,P33224
b4188,P0AF82
b4190,P39298
b4191,P0A9W0
b4194,P69822
b4200,P02358
b4201,P07013
b4202,P0A7T7
b4203,P0A7R1
b4206,P39310
b4207,P0A9L3
b4208,P0AAE0
b4209,P69506
b4211,P39315
b4212,P0ACN2
b4213,P08331
b4214,P22255
b4216,P39187
b4218,P0AE45
b4219,P0A744
b4220,P0ADE4
b4221,P39321
b4222,P0AE48
b4224,P08365
b4225,P33647
b4226,P0A7A9
b4227,P39325
b4232,P0A993
b4233,P37773
b4234,P0A8X0
b4235,P0AFK0
b4238,P28903
b4239,P28904
b4240,P36672
b4241,P36673
b4242,P0ABB8
b4243,P0AF93
b4244,P0A7F3
b4245,P0A786
b4248,P39332
b4251,P39334
b4252,P0AF96
b4254,P04391
b4255,P0AF90
b4256,P39337
b4258,P07118
b4259,P28905
b4260,P68767
b4261,P0AF98
b4262,P0ADC6
b4263,P39342
b4266,P0A9P9
b4267,P39346
b4268,P39208
b4269,P27250
b4278,P03835
b4280,P39353
b4287,P15031
b4290,P15028
b4291,P13036
b4292,P23485
b4295,P39356
b4298,P39359
b4302,P39363
b4303,P39364
b4305,P39366
b4310,P39371
b4314,P04128
b4316,P31697
b4320,P08191
b4322,P24215
b4323,P39160
b4324,P39161
b4328,P39377
b4331,P39380
b4335,P39384
b4348,P05719
b4349,P08957
b4350,P08956
b4351,P24202
b4352,P24203
b4353,P0ADC8
b4354,P39396
b4355,P02942
b4359,P39401
b4360,P18390
b4361,P0AEF0
b4362,P0A8J2
b4367,P39405
b4371,P39406
b4372,P28632
b4373,P0A944
b4374,P0A8Y1
b4375,P0A7I4
b4376,P0AFH8
b4377,P39407
b4378,P39408
b4381,P0A6L0
b4382,P07650
b4383,P0A6K6
b4384,P0ABP8
b4385,P39410
b4386,P32099
b4387,P0AGC7
b4388,P0AGB0
b4389,P24554
b4390,P27278
b4391,P0A9W3
b4392,P0AGC3
b4393,P0A881
b4394,P39411
b4395,P0A7A2
b4396,P0ACI0
b4397,P0AE91
b4398,P08368
b4401,P0A9Q1
b4403,P37005
b4406,P0A8K5
b4411,P0ADB7
b4466,P0CK95
b4467,P52074
b4468,P52073
b4469,Q46861
b4470,P42626
b4472,P46474
b4477,Q6BF16
b4478,Q6BF17
b4479,P31460
b4480,P0A8R9
b4481,P56258
b4483,P27859
b4484,P0AE85
b4485,Q6BEX0
b4488,P0DP89
b4498,P36930
b4511,P18393
b4512,P0AAS9
b4517,P0AC92
b4518,P56614
b4523,P58094
b4524,P77481
b4536,Q2MB16
b4537,P0AD10
b4546,P0AD40
b4551,P0ADW8
b4554,Q2M7R5
b4555,Q2M7X4
b4558,P0ADN6
b4565,P58035
b4571,P36667
b4595,A5A613
b4596,A5A614
b4606,A5A621
